bookID,prediction
0761323511_00.jpg,"Washington,"
0761525696_00.jpg,Surrounding
0761525696_01.jpg,Relocating
0761525696_02.jpg,Washington
0762706368_00.jpg,ESCAPES
0762706368_01.jpg,UICK
0762730366_00.jpg,DRIVING
0762730366_01.jpg,SCENIC
0762734809_00.jpg,"washington,"
0762734809_01.jpg,"Escapes"""
0762734809_02.jpg,Quick
0762777923_00.jpg,WILDFLOWERS
0762779578_00.jpg,Byways
0762792906_00.jpg,Yellowstone
0762792906_01.jpg,Stories
0764554654_00.jpg,DUMMIES
0764554654_01.jpg,"Washington,"
0764575570_00.jpg,"Washington,"
0764575570_01.jpg,Unofficial
0764575570_02.jpg,Guide
0764595911_00.jpg,"Washington,"
0789455463_00.jpg,"Washington,"
0792274997_00.jpg,Washington.
0792295382_00.jpg,West
0803257058_00.jpg,Discovery
0803257058_01.jpg,Yellowstone
0807819484_00.jpg,ASHINGTON
0807819484_02.jpg,NATIONS
0870813900_00.jpg,YELLOWSTONE
0870813900_01.jpg,STORY
0870813919_01.jpg,STORY
0871088614_00.jpg,YELLOWSTONE
0871088614_01.jpg,Fishing
0875300626_00.jpg,"Washington,"
0875301126_00.jpg,"Washington,"
0875301126_01.jpg,Greater
0875303765_00.jpg,"Washington,"
0875303765_01.jpg,Greater
0875303862_00.jpg,"Washington,"
0875304222_00.jpg,"Washington,"
0875304273_00.jpg,Map
0875307574_00.jpg,"Washington,"
0875308759_00.jpg,Map
0875308759_01.jpg,Bike
0879739916_00.jpg,Nation
0879739916_01.jpg,Under
0879739916_02.jpg,God
0879739916_03.jpg,One
0881501905_00.jpg,"Washington,"
0881501905_01.jpg,Bicude
0881501905_02.jpg,Tours
0892881976_00.jpg,YELLOWSTONE
0897323335_00.jpg,Hikes
0897323335_01.jpg,60
0897323335_02.jpg,MILES
0898869838_00.jpg,wild
0898869838_01.jpg,WALKING
0898869838_02.jpg,BIG
0914440489_00.jpg,LINCOLNS
0914440489_01.jpg,CITY
0914440489_02.jpg,MR.
0914440489_03.jpg,Washington
0914440853_00.jpg,Washington
0914440853_01.jpg,Walking
0914440853_02.jpg,Alexandria
0931895545_00.jpg,Struggle
0931895545_01.jpg,National
0933149425_00.jpg,Washington
0933149425_01.jpg,Historical
0933149425_02.jpg,Atlas
0935039384_00.jpg,WASHINGTON
0935039384_01.jpg,ARTWISE
0936369175_00.jpg,Signature
0936369175_01.jpg,Heritage
0936369175_02.jpg,Evidences
0936369175_03.jpg,Capital:
0936369175_04.jpg,Christian
0939009595_00.jpg,Washington
0939009595_01.jpg,TripBook
0939009595_02.jpg,One-Day
0939009595_03.jpg,New
0939009595_04.jpg,OCKERSHAUSEN
0939009811_00.jpg,Washington:
0943231108_00.jpg,WASHINGTON
0961496355_00.jpg,WASHINGTON
0961496355_01.jpg,COUNTRY
0961496355_02.jpg,WALKS
0970687338_00.jpg,YELLOWSTONE
0970687338_01.jpg,TREASURES
0972152210_00.jpg,Yellowstone
0972152210_01.jpg,Schullery
0974561908_00.jpg,PEAKS
0985407204_00.jpg,Hunting
0985407204_01.jpg,Benchmark
0985407204_03.jpg,Yellowstone
1330319885_00.jpg,Divide
1330319885_01.jpg,Great
1400004756_00.jpg,"Washington,"
1400004756_01.jpg,2011
1400013011_00.jpg,BOSTON
1400013011_01.jpg,weekend
1400046874_00.jpg,Christopher
1400046874_01.jpg,Washington
1400046874_03.jpg,SCHLEPPED
1402736096_00.jpg,WASHINGTON.
1475137478_00.jpg,Yellowstone
1475137478_01.jpg,National
1475137478_02.jpg,Park
1500248320_00.jpg,Yellowstone
1556224842_00.jpg,UNCOVERED
1556224842_01.jpg,JACKSON
1556224842_02.jpg,HOLE
1556706391_00.jpg,SMITHSONIAN
1556706391_01.jpg,HISTORIC
1556706391_02.jpg,AMERICA
1558211780_00.jpg,Yellowstone
1558211780_01.jpg,Fishing
1558211780_02.jpg,Hatches
1560371412_00.jpg,Wyoming
1560374780_00.jpg,EBIRTH
1560374780_01.jpg,Fire
1560374780_03.jpg,yellowstone's
1560446331_00.jpg,Driving
1560446331_01.jpg,Scenic
1560446331_02.jpg,YELLOWSTONE
1560446722_00.jpg,Wyoming
1560446722_01.jpg,Hiking
1560981768_00.jpg,Washington
1563319217_00.jpg,MASHINGTON
1563319217_01.jpg,MONUMENT
1563319217_02.jpg,THE
1564408930_00.jpg,RIDES
1564408930_01.jpg,SHORT
1564408930_02.jpg,BIKE
1566954355_00.jpg,Canyon
1566954363_00.jpg,Yellowstone
1570982546_00.jpg,YELLOWSTONE
1570982546_01.jpg,WINTER
1573420468_00.jpg,Grand
1573420468_01.jpg,Teton
1573420484_00.jpg,Yellowstone
1573420484_01.jpg,national
1574271199_00.jpg,"Wedding,"
1574271199_01.jpg,"Meeting,"
1574271199_02.jpg,Unique
1583559183_00.jpg,Yellowstone
1592280765_00.jpg,YELLOWSTONE
1592280765_01.jpg,FISHING
1593598688_00.jpg,WASHINGTON
1598809229_00.jpg,WYOMING
1598809229_01.jpg,JACKSON
1598809229_02.jpg,"HOLE,"
1598809229_03.jpg,SPOTLIGHT
1607814293_00.jpg,LOST
1607814293_01.jpg,YELLOWSTONE
1614277273_00.jpg,Yellowstone
1614277273_01.jpg,Mapping
1631210114_00.jpg,YELLOWSTONE
1631210114_01.jpg,CAMPING
1631210114_02.jpg,GRAND
1740592786_00.jpg,"Washington,"
1845879198_00.jpg,Washington
1845879198_01.jpg,popoutmap
1845879198_02.jpg,DC
1846700000_00.jpg,"Washington,"
1846700000_01.jpg,Time
1846700000_02.jpg,Out
1878979035_00.jpg,Washington
1889324159_00.jpg,Washington
1889324159_01.jpg,Natural
1904766676_00.jpg,inside
1904766676_01.jpg,out
1904766676_02.jpg,WASHINGTON
1906261113_00.jpg,Washington
1907099816_00.jpg,YELLOWSTONE
1907099816_01.jpg,NATIONAL
1907099816_02.jpg,PARK
1929038410_00.jpg,Washington
1931868689_00.jpg,CHEAP
1931868689_01.jpg,GOOD
1933102705_00.jpg,"Washington,"
1934395277_00.jpg,DC
1934395668_00.jpg,MALLSMART
1934395978_00.jpg,WASHINGTON
9812588620_00.jpg,WASHINGTON
9812588620_01.jpg,D.C
B00B1M7SD8_00.jpg,YELLOWSTONE
B00B1M7SD8_01.jpg,GEYSERS
B008SLPDH8_00.jpg,"Washington,"
B0064XCX8E_00.jpg,Yellowstone
B0064XCX8E_01.jpg,Fishing
B0064XCX8E_02.jpg,National
